Model,test_augmented,test_human,Overall
sharegpt4v_7b,14.08,15.920000000000002,15.0
Yi_VL_34B,10.4,17.76,14.08
OmniLMM_12B,22.4,26.72,24.56
cogvlm2-llama3-chat-19B,85.68,60.4,73.04
idefics_9b_instruct,5.44,9.36,7.399999999999999
XComposer,6.0,11.12,8.559999999999999
llava_v1.5_7b,11.52,16.8,14.16
llava_v1.5_13b,10.32,16.400000000000002,13.36
mPLUG-Owl2,23.36,24.88,24.12
InternVL2-8B,92.72,71.36,82.04
GPT4o_MINI,25.2,26.88,26.040000000000003
