"test_augmented","test_human","Overall"
"22.400000000000002","26.72","24.560000000000002"
