"test_human","test_augmented","Overall"
"9.36","5.4399999999999995","7.3999999999999995"
